{
	"axis_max" : 3956.0,
	"axis_min" : -4750.0,
	"bounding_polygon" : 
	[
		[ 483.37928883071231, 0.0, 1527.9317840051738 ],
		[ 483.37928883071231, 0.0, 345.15474492415524 ],
		[ -790.77107244699073, 0.0, 345.15474492415524 ],
		[ -790.77107244699073, 0.0, 1527.9317840051738 ]
	],
	"class_name" : "SelectionPolygonVolume",
	"orthogonal_axis" : "Y",
	"version_major" : 1,
	"version_minor" : 0
}